{"cameraMode":{"drawMode":0,"name":"Shaded","section":"Shading Mode"},"sceneLighting":true,"audioPlay":false,"sceneViewState":{"showFog":true,"showMaterialUpdate":false,"showSkybox":true,"showFlares":true,"showImageEffects":true,"showParticleSystems":true},"in2DMode":false,"pivot":{"x":-7.855828762054443,"y":9.465141296386719,"z":23.02057647705078},"rotation":{"x":-0.010003550909459591,"y":-0.9672707319259644,"z":-0.2505941092967987,"w":0.03861280903220177},"size":60.101348876953128,"orthographic":true}