{"cameraMode":{"drawMode":0,"name":"Shaded","section":"Shading Mode"},"sceneLighting":true,"audioPlay":false,"sceneViewState":{"showFog":false,"showMaterialUpdate":false,"showSkybox":false,"showFlares":false,"showImageEffects":false,"showParticleSystems":false},"in2DMode":false,"pivot":{"x":-2.8703174591064455,"y":-1.4626755714416505,"z":-2.1684794425964357},"rotation":{"x":-0.06316780298948288,"y":0.8009555339813232,"z":-0.08587660640478134,"w":-0.5891561508178711},"size":10.0,"orthographic":false}